date,judgment,VIX指数_value,VIX指数_change,VIX指数_change_percent,日経平均_value,日経平均_change,日経平均_change_percent,ドル円_value,ドル円_change,ドル円_change_percent,米10年債_value,米10年債_change,米10年債_change_percent,S&P500_value,S&P500_change,S&P500_change_percent,WTI原油_value,WTI原油_change,WTI原油_change_percent,金（GOLD）_value,金（GOLD）_change,金（GOLD）_change_percent,HYG（ハイイールド債ETF）_value,HYG（ハイイールド債ETF）_change,HYG（ハイイールド債ETF）_change_percent,LQD（投資適格債ETF）_value,LQD（投資適格債ETF）_change,LQD（投資適格債ETF）_change_percent,NYSE Composite_value,NYSE Composite_change_percent,NYSE Composite_volume_ratio,S&P500グロース(IVW)_value,S&P500グロース(IVW)_change_percent,S&P500バリュー(IVE)_value,S&P500バリュー(IVE)_change_percent,Russell2000小型(RUT)_value,Russell2000小型(RUT)_change_percent,グロース対バリュー比_diff_percent,大型対小型比_diff_percent,HYG対LQD比_value,HYG対LQD比_change,summary
2026-03-21T01:17:38+09:00,曇り,25.28,1.22,5.07,53372.53,-1866.87,-3.38,159.17,-0.63,-0.39,4.37,0.09,1.99,6556.12,-50.37,-0.76,96.55,0.41,0.43,4579.8,-20.9,-0.45,79.32,-0.34,-0.42,108.21,-0.98,-0.9,21766.24,-0.8,0.0,115.11,-1.11,208.99,-0.35,2464.04,-1.23,-0.76,0.47,0.7331,0.003511,"1. 判定：曇り。根拠として、VIX指数が上昇し恐怖心理が高まっている一方で、S&P500の前日比出来高比が0.27と低下しており、価格下落と出来高増加の組み合わせが見られないため嵐の予兆は弱いと判断する。
● VIX指数: 25.28 [+1.22 (+5.07%)] (03/20 確定)

2. ● 米10年債: 4.37 [+0.09 (+1.99%)] (03/20 確定) 金利が上昇し債券価格が下落しており、インフレ懸念やFRBの利上げ期待を反映してリスクオフのシグナルを示している。
金利上昇が株式市場の重石となり、S&P500の調整を加速させる可能性がある。

3. ● VIX指数: 25.28 [+1.22 (+5.07%)] (03/20 確定) 恐怖指数の上昇は投資家心理の悪化を表し、市場のボラティリティが増大している。
VIXの25.28という水準は不安定さを示唆し、短期的な売りを誘発する閾値を超えている。

4. ● ドル円: 159.17 [-0.63 (-0.39%)] (03/20 確定) 通貨の勢いが弱まっており、ドル安円高の動きが確認される。
このドル対円比の低下は、米金利上昇にもかかわらずリスクオフによる円買いを意味し、輸出関連株の圧力を増す。

5. ● 日経平均: 53372.53 [-1866.87 (-3.38%)] (03/19 確定) ● S&P500: 6556.12 [-50.37 (-0.76%) | 前日比出来高比:0.27] (03/20 確定) ● NYSE Composite: 21766.24 [-0.80% | 前日比出来高比:0.00] (03/20 確定) 日経平均とS&P500の価格下落は全体的な売りを示すが、S&P500の出来高比0.27が1.1以上でないためディストリビューションの疑いは低い。一方、NYSE騰落統計のNYA対S&P500乖離が-0.03%ptと指数と逆行しており、市場内部の脆弱性を指摘する。
安値圏からの反発局面ではないためフォロースルーデイは確認されない。

6. ● S&P500グロース: 115.11 [-1.29 (-1.11%) | 前日比出来高比:0.43] (03/20 確定) グロース対バリュー比（日次変化に基づく分析）：-0.76%ptでバリュー優勢を示し、ディフェンシブな姿勢を反映する。
● Russell2000小型: 2464.04 [-30.67 (-1.23%)] (03/20 確定) 大型対小型比（日次変化に基づく分析）：S&P500対RUTで+0.47%ptの大型優勢を意味し、質への逃避が進行中である。
これを踏まえ、指数コメントではS&P500の下落が大型株中心でグロースの弱さを示すが、バリュー優勢と大型優勢の需給構造から、市場はリスク回避を優先し、ディフェンシブセクターへのシフトがS&P500のボトム形成を支える。

7. ● WTI原油: 96.55 [+0.41 (+0.43%) | 前日比出来高比:1.62] (03/20 確定) ● 金: 4579.80 [-20.90 (-0.45%) | 前日比出来高比:111.29] (03/20 確定) 金対原油比の方向は金下落原油上昇で、インフレヘッジ需要が弱くリスク回避が強まっている。
原油上昇は需要減退懸念ではなく、米国のウクライナ支援停止とイラン関連の地政学リスク（プーチン大統領の提案）による供給不安を反映する。

8. ● HYG: 79.32 [-0.34 (-0.42%) | 前日比出来高比:0.37] (03/20 確定) 株（S&P500の方向）：下落によりリスクオフ。
● 米10年債: 4.37 [+0.09 (+1.99%)] (03/20 確定) 債券（米10年債利回りの方向）：上昇によりリスクオフ。
● HYG対LQD比: 0.7331 [+0.003511] (03/20 確定) クレジット（HYG対LQD比の方向）：上昇によりリスクオン。
週次レベルの変化ではHYG対LQD比の上昇が目立つが、全体として株と債券のリスクオフが支配的で、総合判定はクレジット市場の矛盾を示す混合シグナル。

9. FOMC議事録公表（03/22）：予想値はタカ派的で前回値は中立、市場への影響シナリオは利上げ期待の高まりによるS&P500の追加下落。
ECB金利決定（03/25）：予想値は据え置き前回値は据え置き、影響シナリオはユーロ安によるドル円の変動。
米新規失業保険申請件数（03/23）：予想値は21.5万件前回値は21.2万件、影響シナリオは悪化でVIXの上昇とS&P500の調整。
上記のイベントがない場合、現在の曇りフェーズで最も注視すべきは米10年債利回りの4.40%突破で、原油価格の供給不安によるインフレ再燃を根拠とする。

10. ● S&P500: 6556.12 [-50.37 (-0.76%) | 前日比出来高比:0.27] (03/20 確定) 需給面ではVIXの上昇とHYG対LQD比の上昇が相関し、短期的なボラティリティ増加を示すが、グロース対バリュー比のバリュー優勢が安定要因で、S&P500が6400以下に下落すれば買いシグナルが発生する。
市場の俳句：株価乱れ波立つ海、風雲急を待つばかり。"
2026-03-22T09:07:49+09:00,不明,26.78,2.72,11.31,53372.53,-1866.87,-3.38,159.22,1.3,0.82,4.39,0.11,2.57,6506.48,-100.01,-1.51,98.23,2.09,2.17,4574.9,-25.8,-0.56,78.92,-0.74,-0.93,107.85,-1.34,-1.23,21616.73,-1.48,0.0,114.13,-1.95,207.73,-0.95,2438.45,-2.26,-1.0,0.74,0.7318,0.002203,"1. 市場フェーズ判定  
● S&P500: 6506.48 [-100.01 (-1.51%) | 前日比出来高比:1.18] (03/20 確定)  
判定: 嵐。その根拠として、VIX指数が26.78と上昇し前日比+11.31%を示す高ボラティリティ心理が広がっている点と、前日比出来高比1.18の増加を伴うS&P500価格下落が価格下落＋出来高増のパターンとして嵐の予兆を強め、市場全体の不安定さを強調する。  

2. 金利・債券（米10年債）  
● 米10年債: 4.39 [+0.11 (+2.57%)] (03/20 確定)  
米10年債利回りが4.39%と上昇し、インフレ懸念やリスクオフ姿勢を反映して債券需要が増加しており、長期金利の上昇が株式市場の重石となりやすい需給構造を示す。  

3. 恐怖指数・心理（VIX）  
● VIX指数: 26.78 [+2.72 (+11.31%)] (03/20 確定)  
VIXが26.78と高水準で前日比+11.31%上昇し、投資家心理の不安定化を表しており、リスク回避の強まりが市場全体のボラティリティを高め、短期的な売りを誘発する可能性が高い。  

4. 通貨の勢い（ドル円）  
● ドル円: 159.22 [+1.30 (+0.82%)] (03/21 確定)  
ドル円が159.22と上昇し、米ドル強勢がリスクオフ環境を示唆しており、米金利上昇による資本流入が円安を加速させ、輸出関連株の支援要因となる一方で輸入インフレを悪化させる需給圧力を生む。  

5. 指数・需給（日経平均、S&P500、NYSE騰落統計）  
● 日経平均: 53372.53 [-1866.87 (-3.38%)] (03/19 確定)  
日経平均が53372.53と下落し、S&P500が6506.48と前日比出来高比1.18の増加を伴う価格下落でディストリビューションの疑いがあり、大口売りの兆候を指摘する。NYSE騰落統計ではNYSE Compositeが21616.73と-1.48%下落し、S&P500と概ね連動するが、NYA対S&P500乖離が+0.04%ptと微小逆行のため市場内部の脆弱性を示唆する。また、安値圏からの反発局面で反発4日目以降に確認されないため、フォロースルーデイは発生せず、需給の弱さを反映した調整継続を予想する。  

6. スタイル・規模間相対パフォーマンス（グロース対バリュー比、大型対小型比）  
● S&P500グロース(IVW): 114.13 [-2.27 (-1.95%) | 前日比出来高比:1.07] (03/20 確定)  
グロース対バリュー比（日次）は-1.00%ptでバリュー優勢を示し、日次変化に基づく分析ではディフェンシブ志向が強まっている。  
● S&P500バリュー(IVE): 207.73 [-1.99 (-0.95%) | 前日比出来高比:1.09] (03/20 確定)  
大型対小型比（日次、S&P500対RUT）は+0.74%ptで大型優勢を示し、日次変化に基づく分析では質への逃避が確認される。  
これを踏まえ、指数コメントではS&P500の下落とグロース対バリュー比のバリュー優勢が連動し、市場の立体的な需給構造としてディフェンシブシフトが進み、大型株への集中が短期リバウンドの基盤を形成する一方で、小型株の弱さが全体調整を深める可能性を考察する。  

7. コモディティ（原油、金）  
● WTI原油: 98.23 [+2.09 (+2.17%) | 前日比出来高比:3.54] (03/20 確定)  
原油が98.23と上昇し、前日比出来高比3.54の増加を伴うため需要減退懸念ではなく地政学リスクの緩和を示唆する一方、金が4574.90と-0.56%下落し、金対原油比の低下からインフレヘッジ需要が弱く、リスク回避の強弱では原油の上昇がエネルギーセクターの支えになるが、金の弱気が全体的なリスクオフを強調する。  

8. クレジット・金融コンディション（HYG、LQD、HYG対LQD比）  
● HYG（ハイイールド債ETF）: 78.92 [-0.74 (-0.93%) | 前日比出来高比:0.98] (03/20 確定)  
株（S&P500の方向）は下落基調でリスクオフ。  
● LQD（投資適格債ETF）: 107.85 [-1.34 (-1.23%) | 前日比出来高比:1.07] (03/20 確定)  
債券（米10年債利回りの方向）は上昇基調でリスクオフ。  
● HYG対LQD比: 0.7318 [+0.002203] (03/20 確定)  
クレジット（HYG対LQD比の方向）は上昇基調でリスクオン。  
これらを総合判定すると、株と債券のリスクオフがクレジットのリスクオンを上回り、週次レベルのHYG対LQD比上昇が短期的な信用拡大を示唆するが、全体として市場の緊縮化が進む需給環境を反映する。  

9. 短期警戒ポイント  
ワシントンとキーウの和平交渉がフロリダに移るイベントで、予想値は合意なし、前回値は停滞、市場への影響シナリオは米露緊張緩和で株高要因。ユナイテッド航空の原油価格上昇警告で、予想値は燃料コスト高、前回値は安定、市場への影響シナリオは航空株売りとエネルギーセクターの変動。中国のAI覇権達成可能性議論で、予想値は技術競争激化、前回値は米中対立、市場への影響シナリオはハイテク株のボラティリティ増大。現在の市場フェーズとして嵐の兆しがあるため、米10年債利回りの変動を注視すべきで、根拠は4.39%超えが株安を誘発する閾値を示す。  

10. 総評・相関分析（需給面からの踏み込んだ考察）  
● Russell2000小型(RUT): 2438.45 [-56.26 (-2.26%)] (03/20 確定)  
需給面から、S&P500の下落と前日比出来高比1.18の増加がディストリビューションを示し、グロース対バリュー比の-1.00%ptがバリュー優勢を強調する一方、原油の上昇と金の下落がインフレヘッジの弱さを反映し、全体の相関としてHYG対LQD比の0.7318上昇が信用リスクの緩和シグナルだが、VIXの26.78超えがボラティリティ閾値として市場調整を加速させるため、大型対小型比の+0.74%ptを基に大型株のリバウンド水準としてS&P500の6600以上を目指す需給構造を導く。市場乱れ原油高に嵐の影。"
2026-03-22T09:19:16+09:00,不明,26.78,2.72,11.31,53372.53,-1866.87,-3.38,159.22,1.3,0.82,4.39,0.11,2.57,6506.48,-100.01,-1.51,98.23,2.09,2.17,4574.9,-25.8,-0.56,78.92,-0.74,-0.93,107.85,-1.34,-1.23,21616.73,-1.48,0.0,114.13,-1.95,207.73,-0.95,2438.45,-2.26,-1.0,0.74,0.7318,0.002203,"1. 市場フェーズ判定  
● VIX指数: 26.78 [+2.72 (+11.31%) | 前日比出来高比:1.18 | 03/20 確定]  
判定: 嵐。その根拠として、VIXが26.78と高水準で前日比+11.31%増加し、S&P500の価格下落-1.51%と前日比出来高比1.18の増加が確認されたため、価格下落と出来高増加の組み合わせが嵐の予兆を示している。  

2. 金利・債券（米10年債）  
● 米10年債: 4.39 [+0.11 (+2.57%) | 前日比出来高比:0.00 | 03/20 確定]  
米10年債利回りが4.39と上昇し+2.57%増加したことで、リスクオフのシグナルが強まり、投資家心理の悪化を反映して債券需要が増大している。  

3. 恐怖指数・心理（VIX）  
● VIX指数: 26.78 [+2.72 (+11.31%) | 前日比出来高比:1.18 | 03/20 確定]  
VIXが26.78と高止まりし+11.31%上昇したため、市場の恐怖心理が高まっており、ボラティリティ拡大のリスクが顕在化している。  

4. 通貨の勢い（ドル円）  
● ドル円: 159.22 [+1.30 (+0.82%) | 前日比出来高比:0.00 | 03/21 確定]  
ドル円が159.22と上昇し+0.82%増加したことで、米ドル強勢が継続し、米金利上昇やリスクオフ環境を背景とした円安圧力が強まっている。  

5. 指数・需給（日経平均、S&P500、NYSE騰落統計）  
● S&P500: 6506.48 [-100.01 (-1.51%) | 前日比出来高比:1.18 | 03/20 確定]  
S&P500が6506.48と-1.51%下落し前日比出来高比1.18を伴ったため、ディストリビューションの疑いがあり大口売りの可能性が高い。一方、日経平均が53372.53と-3.38%下落したものの、反発局面ではないためフォロースルーデイは確認されず、NYSE騰落統計のNYA対S&P500乖離が+0.04%ptと指数と逆行しているため、市場内部の脆弱性が指摘される。  

6. スタイル・規模間相対パフォーマンス  
● S&P500グロース(IVW): 114.13 [-2.27 (-1.95%) | 前日比出来高比:1.07 | 03/20 確定]  
グロース対バリュー比（日次）: -1.00%pt → バリュー優勢を示しディフェンシブシフトを意味する。  
● Russell2000小型(RUT): 2438.45 [-56.26 (-2.26%) | 前日比出来高比:0.00 | 03/20 確定]  
大型対小型比（日次、S&P500対RUT）: +0.74%pt → 大型優勢を示し質への逃避が進行中である。日次変化に基づく分析から、グロース対バリュー比のバリュー優勢と大型対小型比の大型優勢がS&P500の下落と連動し、市場の立体的な需給構造としてディフェンシブ志向が強まり、大型株へのシフトが指数の弱気トレンドを加速させている。  

7. コモディティ（原油、金）  
● WTI原油: 98.23 [+2.09 (+2.17%) | 前日比出来高比:3.54 | 03/20 確定]  
原油が98.23と+2.17%上昇し前日比出来高比3.54を伴ったため、これは需要減退懸念ではなく地政学的要因としてワシントンとキーウの和平交渉がフロリダで進展しつつある影響で価格押し上げられている。一方、金が4574.90と-0.56%下落し金対原油比で金が劣勢のため、インフレヘッジ需要が弱くリスク回避の強弱が原油主導のリスクオン寄りとなっている。  

8. クレジット・金融コンディション  
● HYG（ハイイールド債ETF）: 78.92 [-0.74 (-0.93%) | 前日比出来高比:0.98 | 03/20 確定]  
株（S&P500の方向）: -1.51%下落 → リスクオフ。  
債券（米10年債利回りの方向）: +2.57%上昇 → リスクオフ。  
クレジット（HYG対LQD比の方向）: +0.002203上昇 → リスクオン。  
これらを総合すると、株と債券のリスクオフシグナルが強い一方でHYG対LQD比のリスクオンが矛盾を生み、週次レベルの変化としてHYGの弱い出来高比0.98が全体の信用収縮を示唆しているため、市場の金融コンディションは悪化の閾値を超えている。  

9. 短期警戒ポイント  
3/22のワシントンとキーウの和平交渉: 予想値・前回値・市場への影響シナリオとして、予想値は合意なし、前回値は膠着、影響シナリオは合意で原油価格安定化し株高、失敗でボラティリティ上昇。3/23のカタールの資産売却: 予想値は500億ドル規模、前回値は不明、影響シナリオは売却でドル高加速し債券利回り上昇。市場フェーズが嵐のため、VIXの27.00超えを根拠に注視すべき指標は米10年債利回りの4.50超えで、VIX上昇と連動してリスクオフ加速のシグナルとなる。  

10. 総評・相関分析  
● HYG対LQD比: 0.7318 [+0.002203 | 前日比出来高比:0.98 | 03/20 確定]  
需給面から、S&P500の下落とVIX上昇がグロース対バリュー比の-1.00%ptと連動し、大型対小型比の+0.74%ptが原油の上昇を背景にリスクオン要素を残すが、全体としてディストリビューションの閾値である出来高比1.20超えが近いため、市場はNYA対S&P500乖離の+0.04%pt拡大により脆弱化し、米10年債利回りの4.50到達で本格的な売りが誘発されるシグナルを示す。市場の秋風吹く山影に株価揺らぐ。"
